escenario,estrategia,consulta,corrida,segundos
1_mes,parquet,b1_conteo_total,0,0.00585
1_mes,parquet,b1_conteo_total,1,0.00516
1_mes,parquet,b1_conteo_total,2,0.00387
1_mes,parquet,b1_conteo_total,3,0.00431
1_mes,parquet,b1_conteo_total,4,0.00387
1_mes,parquet,b1_conteo_total,5,0.00391
1_mes,parquet,b2_filtro_selectivo,0,0.04414
1_mes,parquet,b2_filtro_selectivo,1,0.03597
1_mes,parquet,b2_filtro_selectivo,2,0.03348
1_mes,parquet,b2_filtro_selectivo,3,0.03473
1_mes,parquet,b2_filtro_selectivo,4,0.03614
1_mes,parquet,b2_filtro_selectivo,5,0.03098
1_mes,parquet,b3_agregacion_simple,0,0.02992
1_mes,parquet,b3_agregacion_simple,1,0.03715
1_mes,parquet,b3_agregacion_simple,2,0.01855
1_mes,parquet,b3_agregacion_simple,3,0.02287
1_mes,parquet,b3_agregacion_simple,4,0.02311
1_mes,parquet,b3_agregacion_simple,5,0.01943
1_mes,parquet,p1_viajes_por_mes,0,0.15246
1_mes,parquet,p1_viajes_por_mes,1,0.14744
1_mes,parquet,p1_viajes_por_mes,2,0.16039
1_mes,parquet,p1_viajes_por_mes,3,0.1272
1_mes,parquet,p1_viajes_por_mes,4,0.14974
1_mes,parquet,p1_viajes_por_mes,5,0.12649
1_mes,parquet,p2_hora_dia_semana,0,0.13379
1_mes,parquet,p2_hora_dia_semana,1,0.1344
1_mes,parquet,p2_hora_dia_semana,2,0.12916
1_mes,parquet,p2_hora_dia_semana,3,0.13405
1_mes,parquet,p2_hora_dia_semana,4,0.14699
1_mes,parquet,p2_hora_dia_semana,5,0.14201
1_mes,parquet,p3_caracteristicas_viaje,0,0.69265
1_mes,parquet,p3_caracteristicas_viaje,1,0.581
1_mes,parquet,p3_caracteristicas_viaje,2,0.59404
1_mes,parquet,p3_caracteristicas_viaje,3,0.58572
1_mes,parquet,p3_caracteristicas_viaje,4,0.59817
1_mes,parquet,p3_caracteristicas_viaje,5,0.59972
1_mes,parquet,p5b_top_zonas_origen,0,0.18009
1_mes,parquet,p5b_top_zonas_origen,1,0.16404
1_mes,parquet,p5b_top_zonas_origen,2,0.16003
1_mes,parquet,p5b_top_zonas_origen,3,0.17273
1_mes,parquet,p5b_top_zonas_origen,4,0.17489
1_mes,parquet,p5b_top_zonas_origen,5,0.15798
1_mes,parquet,p8a_propinas_por_metodo,0,0.18348
1_mes,parquet,p8a_propinas_por_metodo,1,0.19774
1_mes,parquet,p8a_propinas_por_metodo,2,0.18303
1_mes,parquet,p8a_propinas_por_metodo,3,0.19113
1_mes,parquet,p8a_propinas_por_metodo,4,0.18801
1_mes,parquet,p8a_propinas_por_metodo,5,0.178
1_mes,parquet,p9_composicion_total,0,0.18305
1_mes,parquet,p9_composicion_total,1,0.18073
1_mes,parquet,p9_composicion_total,2,0.17871
1_mes,parquet,p9_composicion_total,3,0.18877
1_mes,parquet,p9_composicion_total,4,0.17497
1_mes,parquet,p9_composicion_total,5,0.17196
1_mes,tabla,b1_conteo_total,0,0.00479
1_mes,tabla,b1_conteo_total,1,0.00284
1_mes,tabla,b1_conteo_total,2,0.00244
1_mes,tabla,b1_conteo_total,3,0.00244
1_mes,tabla,b1_conteo_total,4,0.00264
1_mes,tabla,b1_conteo_total,5,0.00281
1_mes,tabla,b2_filtro_selectivo,0,0.00221
1_mes,tabla,b2_filtro_selectivo,1,0.0008
1_mes,tabla,b2_filtro_selectivo,2,0.00062
1_mes,tabla,b2_filtro_selectivo,3,0.00058
1_mes,tabla,b2_filtro_selectivo,4,0.00061
1_mes,tabla,b2_filtro_selectivo,5,0.00055
1_mes,tabla,b3_agregacion_simple,0,0.01909
1_mes,tabla,b3_agregacion_simple,1,0.01562
1_mes,tabla,b3_agregacion_simple,2,0.01459
1_mes,tabla,b3_agregacion_simple,3,0.01426
1_mes,tabla,b3_agregacion_simple,4,0.01431
1_mes,tabla,b3_agregacion_simple,5,0.01406
1_mes,tabla,p1_viajes_por_mes,0,0.06548
1_mes,tabla,p1_viajes_por_mes,1,0.0543
1_mes,tabla,p1_viajes_por_mes,2,0.05319
1_mes,tabla,p1_viajes_por_mes,3,0.05389
1_mes,tabla,p1_viajes_por_mes,4,0.0531
1_mes,tabla,p1_viajes_por_mes,5,0.05383
1_mes,tabla,p2_hora_dia_semana,0,0.08561
1_mes,tabla,p2_hora_dia_semana,1,0.08938
1_mes,tabla,p2_hora_dia_semana,2,0.084
1_mes,tabla,p2_hora_dia_semana,3,0.08734
1_mes,tabla,p2_hora_dia_semana,4,0.08488
1_mes,tabla,p2_hora_dia_semana,5,0.08419
1_mes,tabla,p3_caracteristicas_viaje,0,0.48742
1_mes,tabla,p3_caracteristicas_viaje,1,0.51068
1_mes,tabla,p3_caracteristicas_viaje,2,0.49507
1_mes,tabla,p3_caracteristicas_viaje,3,0.55555
1_mes,tabla,p3_caracteristicas_viaje,4,0.50448
1_mes,tabla,p3_caracteristicas_viaje,5,0.5114
1_mes,tabla,p5b_top_zonas_origen,0,0.06706
1_mes,tabla,p5b_top_zonas_origen,1,0.06015
1_mes,tabla,p5b_top_zonas_origen,2,0.06475
1_mes,tabla,p5b_top_zonas_origen,3,0.06405
1_mes,tabla,p5b_top_zonas_origen,4,0.0627
1_mes,tabla,p5b_top_zonas_origen,5,0.06356
1_mes,tabla,p8a_propinas_por_metodo,0,0.08783
1_mes,tabla,p8a_propinas_por_metodo,1,0.08609
1_mes,tabla,p8a_propinas_por_metodo,2,0.08388
1_mes,tabla,p8a_propinas_por_metodo,3,0.08927
1_mes,tabla,p8a_propinas_por_metodo,4,0.0797
1_mes,tabla,p8a_propinas_por_metodo,5,0.08138
1_mes,tabla,p9_composicion_total,0,0.0801
1_mes,tabla,p9_composicion_total,1,0.07049
1_mes,tabla,p9_composicion_total,2,0.07173
1_mes,tabla,p9_composicion_total,3,0.07106
1_mes,tabla,p9_composicion_total,4,0.06885
1_mes,tabla,p9_composicion_total,5,0.0721
3_meses,parquet,b1_conteo_total,0,0.00978
3_meses,parquet,b1_conteo_total,1,0.00876
3_meses,parquet,b1_conteo_total,2,0.00728
3_meses,parquet,b1_conteo_total,3,0.00902
3_meses,parquet,b1_conteo_total,4,0.00743
3_meses,parquet,b1_conteo_total,5,0.00717
3_meses,parquet,b2_filtro_selectivo,0,0.03036
3_meses,parquet,b2_filtro_selectivo,1,0.02916
3_meses,parquet,b2_filtro_selectivo,2,0.02909
3_meses,parquet,b2_filtro_selectivo,3,0.03022
3_meses,parquet,b2_filtro_selectivo,4,0.02744
3_meses,parquet,b2_filtro_selectivo,5,0.03472
3_meses,parquet,b3_agregacion_simple,0,0.03835
3_meses,parquet,b3_agregacion_simple,1,0.02976
3_meses,parquet,b3_agregacion_simple,2,0.03574
3_meses,parquet,b3_agregacion_simple,3,0.02889
3_meses,parquet,b3_agregacion_simple,4,0.03294
3_meses,parquet,b3_agregacion_simple,5,0.02989
3_meses,parquet,p1_viajes_por_mes,0,0.22539
3_meses,parquet,p1_viajes_por_mes,1,0.21816
3_meses,parquet,p1_viajes_por_mes,2,0.22131
3_meses,parquet,p1_viajes_por_mes,3,0.21745
3_meses,parquet,p1_viajes_por_mes,4,0.2235
3_meses,parquet,p1_viajes_por_mes,5,0.22152
3_meses,parquet,p2_hora_dia_semana,0,0.23629
3_meses,parquet,p2_hora_dia_semana,1,0.25386
3_meses,parquet,p2_hora_dia_semana,2,0.24259
3_meses,parquet,p2_hora_dia_semana,3,0.24202
3_meses,parquet,p2_hora_dia_semana,4,0.23441
3_meses,parquet,p2_hora_dia_semana,5,0.2382
3_meses,parquet,p3_caracteristicas_viaje,0,1.7649
3_meses,parquet,p3_caracteristicas_viaje,1,1.56223
3_meses,parquet,p3_caracteristicas_viaje,2,1.62458
3_meses,parquet,p3_caracteristicas_viaje,3,1.72305
3_meses,parquet,p3_caracteristicas_viaje,4,1.62005
3_meses,parquet,p3_caracteristicas_viaje,5,1.55477
3_meses,parquet,p5b_top_zonas_origen,0,0.30067
3_meses,parquet,p5b_top_zonas_origen,1,0.30249
3_meses,parquet,p5b_top_zonas_origen,2,0.2886
3_meses,parquet,p5b_top_zonas_origen,3,0.28837
3_meses,parquet,p5b_top_zonas_origen,4,0.29482
3_meses,parquet,p5b_top_zonas_origen,5,0.29251
3_meses,parquet,p8a_propinas_por_metodo,0,0.3615
3_meses,parquet,p8a_propinas_por_metodo,1,0.35592
3_meses,parquet,p8a_propinas_por_metodo,2,0.35687
3_meses,parquet,p8a_propinas_por_metodo,3,0.34014
3_meses,parquet,p8a_propinas_por_metodo,4,0.3406
3_meses,parquet,p8a_propinas_por_metodo,5,0.35084
3_meses,parquet,p9_composicion_total,0,0.38784
3_meses,parquet,p9_composicion_total,1,0.38474
3_meses,parquet,p9_composicion_total,2,0.38095
3_meses,parquet,p9_composicion_total,3,0.404
3_meses,parquet,p9_composicion_total,4,0.40031
3_meses,parquet,p9_composicion_total,5,0.39068
3_meses,tabla,b1_conteo_total,0,0.01085
3_meses,tabla,b1_conteo_total,1,0.0072
3_meses,tabla,b1_conteo_total,2,0.00713
3_meses,tabla,b1_conteo_total,3,0.00609
3_meses,tabla,b1_conteo_total,4,0.00641
3_meses,tabla,b1_conteo_total,5,0.00598
3_meses,tabla,b2_filtro_selectivo,0,0.00343
3_meses,tabla,b2_filtro_selectivo,1,0.00099
3_meses,tabla,b2_filtro_selectivo,2,0.00069
3_meses,tabla,b2_filtro_selectivo,3,0.00079
3_meses,tabla,b2_filtro_selectivo,4,0.0007
3_meses,tabla,b2_filtro_selectivo,5,0.00069
3_meses,tabla,b3_agregacion_simple,0,0.06378
3_meses,tabla,b3_agregacion_simple,1,0.03632
3_meses,tabla,b3_agregacion_simple,2,0.03708
3_meses,tabla,b3_agregacion_simple,3,0.03641
3_meses,tabla,b3_agregacion_simple,4,0.03586
3_meses,tabla,b3_agregacion_simple,5,0.0354
3_meses,tabla,p1_viajes_por_mes,0,0.18689
3_meses,tabla,p1_viajes_por_mes,1,0.1476
3_meses,tabla,p1_viajes_por_mes,2,0.14422
3_meses,tabla,p1_viajes_por_mes,3,0.14635
3_meses,tabla,p1_viajes_por_mes,4,0.14567
3_meses,tabla,p1_viajes_por_mes,5,0.14546
3_meses,tabla,p2_hora_dia_semana,0,0.25163
3_meses,tabla,p2_hora_dia_semana,1,0.24473
3_meses,tabla,p2_hora_dia_semana,2,0.24997
3_meses,tabla,p2_hora_dia_semana,3,0.24936
3_meses,tabla,p2_hora_dia_semana,4,0.24565
3_meses,tabla,p2_hora_dia_semana,5,0.26049
3_meses,tabla,p3_caracteristicas_viaje,0,1.59215
3_meses,tabla,p3_caracteristicas_viaje,1,1.59095
3_meses,tabla,p3_caracteristicas_viaje,2,1.45298
3_meses,tabla,p3_caracteristicas_viaje,3,1.56741
3_meses,tabla,p3_caracteristicas_viaje,4,1.60295
3_meses,tabla,p3_caracteristicas_viaje,5,1.51484
3_meses,tabla,p5b_top_zonas_origen,0,0.20483
3_meses,tabla,p5b_top_zonas_origen,1,0.16817
3_meses,tabla,p5b_top_zonas_origen,2,0.16755
3_meses,tabla,p5b_top_zonas_origen,3,0.17186
3_meses,tabla,p5b_top_zonas_origen,4,0.17555
3_meses,tabla,p5b_top_zonas_origen,5,0.16641
3_meses,tabla,p8a_propinas_por_metodo,0,0.24169
3_meses,tabla,p8a_propinas_por_metodo,1,0.22352
3_meses,tabla,p8a_propinas_por_metodo,2,0.22622
3_meses,tabla,p8a_propinas_por_metodo,3,0.23796
3_meses,tabla,p8a_propinas_por_metodo,4,0.23955
3_meses,tabla,p8a_propinas_por_metodo,5,0.24812
3_meses,tabla,p9_composicion_total,0,0.29765
3_meses,tabla,p9_composicion_total,1,0.21554
3_meses,tabla,p9_composicion_total,2,0.20882
3_meses,tabla,p9_composicion_total,3,0.20822
3_meses,tabla,p9_composicion_total,4,0.20101
3_meses,tabla,p9_composicion_total,5,0.21456
2026,parquet,b1_conteo_total,0,0.01656
2026,parquet,b1_conteo_total,1,0.01634
2026,parquet,b1_conteo_total,2,0.01573
2026,parquet,b1_conteo_total,3,0.02028
2026,parquet,b1_conteo_total,4,0.01615
2026,parquet,b1_conteo_total,5,0.02193
2026,parquet,b2_filtro_selectivo,0,0.07907
2026,parquet,b2_filtro_selectivo,1,0.04639
2026,parquet,b2_filtro_selectivo,2,0.05867
2026,parquet,b2_filtro_selectivo,3,0.04777
2026,parquet,b2_filtro_selectivo,4,0.04549
2026,parquet,b2_filtro_selectivo,5,0.05308
2026,parquet,b3_agregacion_simple,0,0.10085
2026,parquet,b3_agregacion_simple,1,0.08495
2026,parquet,b3_agregacion_simple,2,0.07533
2026,parquet,b3_agregacion_simple,3,0.07489
2026,parquet,b3_agregacion_simple,4,0.07426
2026,parquet,b3_agregacion_simple,5,0.0761
2026,parquet,p1_viajes_por_mes,0,0.57641
2026,parquet,p1_viajes_por_mes,1,0.5358
2026,parquet,p1_viajes_por_mes,2,0.53739
2026,parquet,p1_viajes_por_mes,3,0.53648
2026,parquet,p1_viajes_por_mes,4,0.51355
2026,parquet,p1_viajes_por_mes,5,0.51335
2026,parquet,p2_hora_dia_semana,0,0.57069
2026,parquet,p2_hora_dia_semana,1,0.56242
2026,parquet,p2_hora_dia_semana,2,0.54826
2026,parquet,p2_hora_dia_semana,3,0.54316
2026,parquet,p2_hora_dia_semana,4,0.5598
2026,parquet,p2_hora_dia_semana,5,0.53606
2026,parquet,p3_caracteristicas_viaje,0,4.67424
2026,parquet,p3_caracteristicas_viaje,1,5.31146
2026,parquet,p3_caracteristicas_viaje,2,4.7602
2026,parquet,p3_caracteristicas_viaje,3,4.46701
2026,parquet,p3_caracteristicas_viaje,4,4.30116
2026,parquet,p3_caracteristicas_viaje,5,4.30481
2026,parquet,p5b_top_zonas_origen,0,0.69993
2026,parquet,p5b_top_zonas_origen,1,0.67583
2026,parquet,p5b_top_zonas_origen,2,0.67592
2026,parquet,p5b_top_zonas_origen,3,0.67824
2026,parquet,p5b_top_zonas_origen,4,0.68647
2026,parquet,p5b_top_zonas_origen,5,0.69632
2026,parquet,p8a_propinas_por_metodo,0,0.9052
2026,parquet,p8a_propinas_por_metodo,1,0.77891
2026,parquet,p8a_propinas_por_metodo,2,0.76112
2026,parquet,p8a_propinas_por_metodo,3,0.80746
2026,parquet,p8a_propinas_por_metodo,4,0.87641
2026,parquet,p8a_propinas_por_metodo,5,0.8584
2026,parquet,p9_composicion_total,0,0.99874
2026,parquet,p9_composicion_total,1,0.94116
2026,parquet,p9_composicion_total,2,0.9684
2026,parquet,p9_composicion_total,3,0.93353
2026,parquet,p9_composicion_total,4,0.96313
2026,parquet,p9_composicion_total,5,0.96598
2026,tabla,b1_conteo_total,0,0.03449
2026,tabla,b1_conteo_total,1,0.01627
2026,tabla,b1_conteo_total,2,0.0159
2026,tabla,b1_conteo_total,3,0.0151
2026,tabla,b1_conteo_total,4,0.01455
2026,tabla,b1_conteo_total,5,0.01516
2026,tabla,b2_filtro_selectivo,0,0.01923
2026,tabla,b2_filtro_selectivo,1,0.00159
2026,tabla,b2_filtro_selectivo,2,0.00112
2026,tabla,b2_filtro_selectivo,3,0.00109
2026,tabla,b2_filtro_selectivo,4,0.00109
2026,tabla,b2_filtro_selectivo,5,0.00108
2026,tabla,b3_agregacion_simple,0,0.21521
2026,tabla,b3_agregacion_simple,1,0.06935
2026,tabla,b3_agregacion_simple,2,0.07
2026,tabla,b3_agregacion_simple,3,0.07151
2026,tabla,b3_agregacion_simple,4,0.07097
2026,tabla,b3_agregacion_simple,5,0.07314
2026,tabla,p1_viajes_por_mes,0,0.62227
2026,tabla,p1_viajes_por_mes,1,0.36011
2026,tabla,p1_viajes_por_mes,2,0.36907
2026,tabla,p1_viajes_por_mes,3,0.34772
2026,tabla,p1_viajes_por_mes,4,0.35802
2026,tabla,p1_viajes_por_mes,5,0.38167
2026,tabla,p2_hora_dia_semana,0,0.64911
2026,tabla,p2_hora_dia_semana,1,0.6589
2026,tabla,p2_hora_dia_semana,2,0.64694
2026,tabla,p2_hora_dia_semana,3,0.6374
2026,tabla,p2_hora_dia_semana,4,0.64157
2026,tabla,p2_hora_dia_semana,5,0.64135
2026,tabla,p3_caracteristicas_viaje,0,4.56894
2026,tabla,p3_caracteristicas_viaje,1,4.22518
2026,tabla,p3_caracteristicas_viaje,2,4.26916
2026,tabla,p3_caracteristicas_viaje,3,5.0825
2026,tabla,p3_caracteristicas_viaje,4,4.10561
2026,tabla,p3_caracteristicas_viaje,5,4.23413
2026,tabla,p5b_top_zonas_origen,0,0.57096
2026,tabla,p5b_top_zonas_origen,1,0.4516
2026,tabla,p5b_top_zonas_origen,2,0.44116
2026,tabla,p5b_top_zonas_origen,3,0.43986
2026,tabla,p5b_top_zonas_origen,4,0.43434
2026,tabla,p5b_top_zonas_origen,5,0.43981
2026,tabla,p8a_propinas_por_metodo,0,0.62407
2026,tabla,p8a_propinas_por_metodo,1,0.55444
2026,tabla,p8a_propinas_por_metodo,2,0.58913
2026,tabla,p8a_propinas_por_metodo,3,0.5333
2026,tabla,p8a_propinas_por_metodo,4,0.56044
2026,tabla,p8a_propinas_por_metodo,5,0.56005
2026,tabla,p9_composicion_total,0,0.75907
2026,tabla,p9_composicion_total,1,0.58953
2026,tabla,p9_composicion_total,2,0.55907
2026,tabla,p9_composicion_total,3,0.55709
2026,tabla,p9_composicion_total,4,0.57309
2026,tabla,p9_composicion_total,5,0.59996
2024_2026,parquet,b1_conteo_total,0,0.04298
2024_2026,parquet,b1_conteo_total,1,0.03897
2024_2026,parquet,b1_conteo_total,2,0.03673
2024_2026,parquet,b1_conteo_total,3,0.03768
2024_2026,parquet,b1_conteo_total,4,0.03712
2024_2026,parquet,b1_conteo_total,5,0.03703
2024_2026,parquet,b2_filtro_selectivo,0,0.26088
2024_2026,parquet,b2_filtro_selectivo,1,0.13962
2024_2026,parquet,b2_filtro_selectivo,2,0.13853
2024_2026,parquet,b2_filtro_selectivo,3,0.12874
2024_2026,parquet,b2_filtro_selectivo,4,0.13073
2024_2026,parquet,b2_filtro_selectivo,5,0.1353
2024_2026,parquet,b3_agregacion_simple,0,0.31684
2024_2026,parquet,b3_agregacion_simple,1,0.1766
2024_2026,parquet,b3_agregacion_simple,2,0.17873
2024_2026,parquet,b3_agregacion_simple,3,0.17923
2024_2026,parquet,b3_agregacion_simple,4,0.18547
2024_2026,parquet,b3_agregacion_simple,5,0.18115
2024_2026,parquet,p1_viajes_por_mes,0,1.37224
2024_2026,parquet,p1_viajes_por_mes,1,1.27054
2024_2026,parquet,p1_viajes_por_mes,2,1.32294
2024_2026,parquet,p1_viajes_por_mes,3,1.31551
2024_2026,parquet,p1_viajes_por_mes,4,1.34238
2024_2026,parquet,p1_viajes_por_mes,5,1.3634
2024_2026,parquet,p2_hora_dia_semana,0,1.37607
2024_2026,parquet,p2_hora_dia_semana,1,1.34279
2024_2026,parquet,p2_hora_dia_semana,2,1.32241
2024_2026,parquet,p2_hora_dia_semana,3,1.34438
2024_2026,parquet,p2_hora_dia_semana,4,1.31491
2024_2026,parquet,p2_hora_dia_semana,5,1.33695
2024_2026,parquet,p3_caracteristicas_viaje,0,10.17098
2024_2026,parquet,p3_caracteristicas_viaje,1,11.23097
2024_2026,parquet,p3_caracteristicas_viaje,2,11.47874
2024_2026,parquet,p3_caracteristicas_viaje,3,11.73033
2024_2026,parquet,p3_caracteristicas_viaje,4,9.98467
2024_2026,parquet,p3_caracteristicas_viaje,5,10.46023
2024_2026,parquet,p5b_top_zonas_origen,0,1.74466
2024_2026,parquet,p5b_top_zonas_origen,1,1.65692
2024_2026,parquet,p5b_top_zonas_origen,2,1.59419
2024_2026,parquet,p5b_top_zonas_origen,3,1.67863
2024_2026,parquet,p5b_top_zonas_origen,4,1.64225
2024_2026,parquet,p5b_top_zonas_origen,5,1.65989
2024_2026,parquet,p8a_propinas_por_metodo,0,2.48261
2024_2026,parquet,p8a_propinas_por_metodo,1,2.37311
2024_2026,parquet,p8a_propinas_por_metodo,2,2.17067
2024_2026,parquet,p8a_propinas_por_metodo,3,2.28673
2024_2026,parquet,p8a_propinas_por_metodo,4,2.56187
2024_2026,parquet,p8a_propinas_por_metodo,5,2.55581
2024_2026,parquet,p9_composicion_total,0,2.66649
2024_2026,parquet,p9_composicion_total,1,2.5249
2024_2026,parquet,p9_composicion_total,2,2.37417
2024_2026,parquet,p9_composicion_total,3,2.3011
2024_2026,parquet,p9_composicion_total,4,2.32747
2024_2026,parquet,p9_composicion_total,5,2.30741
2024_2026,tabla,b1_conteo_total,0,0.0785
2024_2026,tabla,b1_conteo_total,1,0.03912
2024_2026,tabla,b1_conteo_total,2,0.03744
2024_2026,tabla,b1_conteo_total,3,0.03762
2024_2026,tabla,b1_conteo_total,4,0.04261
2024_2026,tabla,b1_conteo_total,5,0.04397
2024_2026,tabla,b2_filtro_selectivo,0,0.05647
2024_2026,tabla,b2_filtro_selectivo,1,0.00173
2024_2026,tabla,b2_filtro_selectivo,2,0.00202
2024_2026,tabla,b2_filtro_selectivo,3,0.00155
2024_2026,tabla,b2_filtro_selectivo,4,0.00141
2024_2026,tabla,b2_filtro_selectivo,5,0.00123
2024_2026,tabla,b3_agregacion_simple,0,0.87454
2024_2026,tabla,b3_agregacion_simple,1,0.173
2024_2026,tabla,b3_agregacion_simple,2,0.18065
2024_2026,tabla,b3_agregacion_simple,3,0.17552
2024_2026,tabla,b3_agregacion_simple,4,0.1749
2024_2026,tabla,b3_agregacion_simple,5,0.17558
2024_2026,tabla,p1_viajes_por_mes,0,5.05725
2024_2026,tabla,p1_viajes_por_mes,1,0.83437
2024_2026,tabla,p1_viajes_por_mes,2,0.8315
2024_2026,tabla,p1_viajes_por_mes,3,0.85542
2024_2026,tabla,p1_viajes_por_mes,4,0.83445
2024_2026,tabla,p1_viajes_por_mes,5,0.84802
2024_2026,tabla,p2_hora_dia_semana,0,1.6221
2024_2026,tabla,p2_hora_dia_semana,1,1.6618
2024_2026,tabla,p2_hora_dia_semana,2,1.73221
2024_2026,tabla,p2_hora_dia_semana,3,1.90528
2024_2026,tabla,p2_hora_dia_semana,4,1.82954
2024_2026,tabla,p2_hora_dia_semana,5,1.62379
2024_2026,tabla,p3_caracteristicas_viaje,0,15.11808
2024_2026,tabla,p3_caracteristicas_viaje,1,9.97686
2024_2026,tabla,p3_caracteristicas_viaje,2,9.53955
2024_2026,tabla,p3_caracteristicas_viaje,3,9.83073
2024_2026,tabla,p3_caracteristicas_viaje,4,9.8577
2024_2026,tabla,p3_caracteristicas_viaje,5,9.84163
2024_2026,tabla,p5b_top_zonas_origen,0,1.30966
2024_2026,tabla,p5b_top_zonas_origen,1,1.22512
2024_2026,tabla,p5b_top_zonas_origen,2,1.15369
2024_2026,tabla,p5b_top_zonas_origen,3,1.16902
2024_2026,tabla,p5b_top_zonas_origen,4,1.13203
2024_2026,tabla,p5b_top_zonas_origen,5,1.13861
2024_2026,tabla,p8a_propinas_por_metodo,0,1.97481
2024_2026,tabla,p8a_propinas_por_metodo,1,1.73016
2024_2026,tabla,p8a_propinas_por_metodo,2,1.61409
2024_2026,tabla,p8a_propinas_por_metodo,3,1.5547
2024_2026,tabla,p8a_propinas_por_metodo,4,1.6799
2024_2026,tabla,p8a_propinas_por_metodo,5,1.56867
2024_2026,tabla,p9_composicion_total,0,2.13622
2024_2026,tabla,p9_composicion_total,1,1.50503
2024_2026,tabla,p9_composicion_total,2,1.42878
2024_2026,tabla,p9_composicion_total,3,1.43453
2024_2026,tabla,p9_composicion_total,4,1.43157
2024_2026,tabla,p9_composicion_total,5,1.46457
